variant,batch_size,accuracy,avg_latency_ms,throughput_samples_per_sec,model_size_mb,rss_memory_before_mb,rss_memory_after_accuracy_mb,rss_memory_after_benchmark_mb,compile_first_call_seconds,validation_examples,max_length,warmup_steps,measured_steps
baseline_fp32,1,0.9048165137614679,31.58843505079858,31.657155487185783,255.45206356048584,1098.8203125,1123.80859375,1123.80859375,0.0,872,128,5,20
baseline_fp32,8,0.9048165137614679,1021.8287496012634,7.829100525035871,255.45206356048584,1125.4765625,1132.97265625,1132.97265625,0.0,872,128,5,20
baseline_fp32,16,0.9048165137614679,1023.0627713084685,15.639314076042908,255.45206356048584,1132.97265625,1144.1484375,1144.1484375,0.0,872,128,5,20
baseline_fp32,32,0.9048165137614679,1784.1051442956086,17.936162620412194,255.45206356048584,1144.15625,1146.91015625,1146.91015625,0.0,872,128,5,20
dynamic_quantized_int8,1,0.9013761467889908,49.35876629897393,20.25982565979952,132.28924465179443,1190.72265625,1193.671875,1193.671875,0.0,872,128,5,20
dynamic_quantized_int8,8,0.9002293577981652,310.618576745037,25.755059738640767,132.28924465179443,1193.30078125,1194.88671875,1194.88671875,0.0,872,128,5,20
dynamic_quantized_int8,16,0.9094036697247706,178.32745088962838,89.72258572743704,132.28924465179443,1194.234375,1195.81640625,1195.81640625,0.0,872,128,5,20
dynamic_quantized_int8,32,0.9059633027522935,1130.7629005459603,28.29947815280251,132.28924465179443,1195.1875,1195.8203125,1195.8203125,0.0,872,128,5,20
