{
  "model_dir": "checkpoints/our_finetuned_distilbert_sst2_train4000_seed42",
  "batch_size": 8,
  "validation_examples": 872,
  "fp32_accuracy": 0.875,
  "int8_accuracy": 0.8761467889908257,
  "flipped_predictions": 29,
  "fp32_correct_int8_wrong": 14,
  "fp32_wrong_int8_correct": 15,
  "both_correct": 749,
  "both_wrong": 94,
  "avg_fp32_margin_flipped": 0.46511694348160304,
  "avg_fp32_margin_not_flipped": 2.441628738581275,
  "avg_abs_logit0_diff": 0.38351735677353826,
  "avg_abs_logit1_diff": 0.3705766883046193
}