variant,batch_size,accuracy,avg_latency_ms,throughput_samples_per_sec,model_size_mb,rss_memory_before_mb,rss_memory_after_accuracy_mb,rss_memory_after_benchmark_mb,compile_first_call_seconds,validation_examples,max_length,warmup_steps,measured_steps
baseline_fp32,8,0.9048165137614679,435.28384269884555,18.378812203086667,255.45206356048584,754.27734375,779.0,779.21484375,0.0,872,128,5,20
dynamic_quantized_int8,8,0.8967889908256881,238.4010841993586,33.556894369281245,132.28924465179443,824.98828125,826.18359375,826.18359375,0.0,872,128,5,20
compiled_fp32,8,0.9048165137614679,394.04823220065737,20.302083212814004,255.45401668548584,1024.30859375,1024.33984375,1024.42578125,81.51654277099442,872,128,5,20
