variant,batch_size,accuracy,avg_latency_ms,throughput_samples_per_sec,model_size_mb,rss_memory_before_mb,rss_memory_after_accuracy_mb,rss_memory_after_benchmark_mb,compile_first_call_seconds,validation_examples,max_length,warmup_steps,measured_steps
baseline_fp32,8,0.9048165137614679,1142.612761555938,7.001497155612111,255.45206356048584,1098.8046875,1126.6875,1126.6875,0.0,872,128,5,20
dynamic_quantized_int8,8,0.9002293577981652,467.5592831335962,17.110129749502057,132.28924465179443,1172.046875,1175.83984375,1175.83984375,0.0,872,128,5,20
